men_of_title,count1,story_of_title,count2,result_of_title,count3,sex_of_title,count4,harassment_of_title,count5,metoo_of_title,count6,movement_of_title,count7,timesup_of_title,count8,woman_of_title,count9,abuse_of_title,count10,witchtims_of_title,count11,rape_of_title,count12,men_of_body,count13,story_of_body,count14,result_of_body,count15,sex_of_body,count16,harassment_of_body,count17,metoo_of_body,count18,movement_of_body,count19,timesup_of_body,count20,woman_of_body,count21,abuse_of_body,count22,victims_of_body,count23,rape_of_body,count24
men,16,stori,52,sexual,1,sex,25,harass,71,metoo,197,movement,40,calm,1,woman,16,abus,75,victim,40,rape,44,tell,223,tell,507,sai,83,tell,381,tell,144,know,210,know,107,accus,9,like,169,tell,363,tell,187,tell,262
metoo,5,sexual,11,work,1,abus,5,sexual,53,movement,34,metoo,34,better,1,accus,5,sexual,34,sexual,12,sexual,11,know,192,know,376,tell,73,time,324,know,134,tell,196,feel,80,get,6,tell,160,time,270,time,135,time,228
like,4,metoo,10,claim,1,year,4,accus,12,sexual,17,sexual,5,endrapecultur,1,sexual,4,victim,12,abus,10,accus,9,like,189,time,365,know,44,want,290,harass,131,want,176,like,80,think,5,know,148,know,263,know,131,know,209
women,4,share,10,charg,1,victim,3,metoo,9,metoo,14,man,4, , ,delet,2,stori,8,assault,6,assault,6,time,169,sai,321,go,44,know,285,like,127,like,167,movement,75,final,5,sai,145,year,240,victim,113,sai,191
sexual,2,abus,7, , ,alleg,3,abus,6,women,13,sai,3, , ,women,2,alleg,8,metoo,5,alleg,6,year,158,like,312,like,42,like,275,time,115,year,166,tell,75,time,4,want,133,like,231,feel,112,want,186
childhood,2,assault,7, , ,girl,3,work,6,harass,10,get,3, , ,man,2,year,6,rape,4,metoo,5,want,151,want,307,get,40,sai,254,think,113,metoo,144,want,73,want,4,time,131,abus,205,like,110,year,182
reddit,2,stori,5, , ,accus,3,assault,5,stori,10,come,3, , ,come,2,church,6,harass,4,abus,5,men,149,year,283,year,40,year,237,want,113,think,142,metoo,66,start,4,feel,121,want,199,year,104,like,176
abus,2,want,4, , ,assault,3,women,5,post,7,time,3, , ,cincinnati,2,harass,6,violenc,4,stori,4,think,148,think,276,time,36,go,223,sexual,112,time,140,think,65,give,4,year,116,feel,184,want,93,friend,169
men,2,tell,4, , ,manhattan,2,new,5,man,6,women,3, , ,assault,2,metoo,5,accus,3,victim,4,go,142,go,261,thurman,35,think,218,sai,103,feel,133,peopl,60,life,4,think,109,sai,180,go,92,go,159
kelli,1,time,3, , ,church,2,victim,5,accus,6,reddit,2, , ,boi,1,rape,5,peopl,3,case,3,sai,139,friend,259,think,35,friend,206,year,99,go,125,happen,59,confid,4,woman,105,think,175,sexual,92,get,155
